Protein,Sequence,Position,#Proteins,Validated Protein Groups,Validated PSMs,Spectrum Counting,Processed Protein Groups,PXD ID,PRIDE Link
MGYP003690303659,TINSTETGGMSGAPNTANITTANK,MGYP003690303659(353),1,1,2,94.64,MGYP003690303659,PXD020692,ebi.ac.uk/pride/archive/projects/PXD020692
MGYP003684337941,GTYQLFDVPDCAGSQATSGVRPVEK,MGYP003684337941(237),1,1,1,64.13,MGYP003684337941,PXD020692,ebi.ac.uk/pride/archive/projects/PXD020692
MGYP003683041151,VDQPLTIDPNVGGFGQTDK,MGYP003683041151(257),1,1,1,140.59,MGYP003683041151,PXD020692,ebi.ac.uk/pride/archive/projects/PXD020692
MGYP003683277041,SSNNSPVNTAMSTQLGNLLKPLNSEYGK,MGYP003683277041(8),1,1,2,500.09,MGYP003683277041,PXD020692,ebi.ac.uk/pride/archive/projects/PXD020692
MGYP000452175535,DSFDVVLTEAGGQK,MGYP000452175535(58),1,1,1,174.81,MGYP000452175535,PXD020692,ebi.ac.uk/pride/archive/projects/PXD020692
MGYP001591896562,IAALFADPEAPGK,MGYP001591896562(140),1,1,1,63.72,MGYP001591896562,PXD020692,ebi.ac.uk/pride/archive/projects/PXD020692
MGYP003684918863,GDGLLINGLPVSLSATR,MGYP003684918863(84),1,1,1,58.79,MGYP003684918863,PXD020692,ebi.ac.uk/pride/archive/projects/PXD020692
MGYP000453324951,ASSAPFVGK,MGYP000453324951(309),1,1,1,60.22,MGYP000453324951,PXD020692,ebi.ac.uk/pride/archive/projects/PXD020692
MGYP003683852069,VPDEIEAFQR,MGYP003683852069(590),1,1,1,106.32,MGYP003683852069,PXD020692,ebi.ac.uk/pride/archive/projects/PXD020692
MGYP003684479105,TSNGPMDGAVDAEAR,MGYP003684479105(159),1,1,1,140.43,MGYP003684479105,PXD020692,ebi.ac.uk/pride/archive/projects/PXD020692
MGYP003685662755,ALLWAVPAAPNR,MGYP003685662755(192),1,1,1,133.47,MGYP003685662755,PXD020692,ebi.ac.uk/pride/archive/projects/PXD020692
MGYP001591896562,DNLVQQIEDNIAK,MGYP001591896562(88),1,1,1,63.72,MGYP001591896562,PXD020692,ebi.ac.uk/pride/archive/projects/PXD020692
MGYP003683065005,DTDILAAFR,MGYP003683065005(33),1,1,1,244.2,MGYP003683065005,PXD020692,ebi.ac.uk/pride/archive/projects/PXD020692
MGYP000447429501,IIEQAAASGPNGIITTLADPNILAGPIK,MGYP000447429501(80),1,1,1,234.36,MGYP000447429501,PXD020692,ebi.ac.uk/pride/archive/projects/PXD020692
MGYP003683041271,ELIQQTQTEFVNS,MGYP003683041271(493),1,1,1,85.99,MGYP003683041271,PXD020692,ebi.ac.uk/pride/archive/projects/PXD020692
MGYP003683650199,TFLDYAMVGISSSGASK,MGYP003683650199(148),1,1,2,227.05,MGYP003683650199,PXD020692,ebi.ac.uk/pride/archive/projects/PXD020692
MGYP000453324951,IINDDSAGTAVAK,MGYP000453324951(58),1,1,1,60.22,MGYP000453324951,PXD020692,ebi.ac.uk/pride/archive/projects/PXD020692
MGYP000296402639,DVFVHQTGLTEEIR,MGYP000296402639(26),1,1,1,529.11,MGYP000296402639,PXD020692,ebi.ac.uk/pride/archive/projects/PXD020692
MGYP003684918863,AASANIIPSSTGAAK,MGYP003684918863(225),1,1,1,58.79,MGYP003684918863,PXD020692,ebi.ac.uk/pride/archive/projects/PXD020692
MGYP003686079435,SDPEQLTEEQIAEFK,MGYP003686079435(2),1,1,1,216.28,MGYP003686079435,PXD020692,ebi.ac.uk/pride/archive/projects/PXD020692
MGYP003683023143,MPAFFETFPVLLLDK,MGYP003683023143(359),1,1,1,116.32,MGYP003683023143,PXD020692,ebi.ac.uk/pride/archive/projects/PXD020692
MGYP003683104695,SNNTVYTSPVNGQVK,MGYP003683104695(199),1,1,1,103.24,MGYP003683104695,PXD020692,ebi.ac.uk/pride/archive/projects/PXD020692
MGYP000271241979,LMVNFTNPDPSLGENR,MGYP000271241979(288),1,1,2,134.51,MGYP000271241979,PXD020692,ebi.ac.uk/pride/archive/projects/PXD020692
MGYP003689598185,APGDFGFDPLNLAPK,MGYP003689598185(82),1,1,1,142.11,MGYP003689598185,PXD020692,ebi.ac.uk/pride/archive/projects/PXD020692
MGYP003683025541,NYEDIDSAPEEK,MGYP003683025541(46),1,1,1,212.97,MGYP003683025541,PXD020692,ebi.ac.uk/pride/archive/projects/PXD020692
MGYP003683065005,TFQGAPHGIQVER,MGYP003683065005(147),1,1,1,244.2,MGYP003683065005,PXD020692,ebi.ac.uk/pride/archive/projects/PXD020692
MGYP003689752557,AVTMEANSTAFAELYSR,MGYP003689752557(93),1,1,1,118.35,MGYP003689752557,PXD020692,ebi.ac.uk/pride/archive/projects/PXD020692
MGYP003688881227,AGQGANQAFFGIK,MGYP003688881227(21),1,1,1,144.19,MGYP003688881227,PXD020692,ebi.ac.uk/pride/archive/projects/PXD020692
MGYP003683104667,DQESTGFAWWAGNAR,MGYP003683104667(15),1,1,1,134.28,MGYP003683104667,PXD020692,ebi.ac.uk/pride/archive/projects/PXD020692
MGYP003683041151,TVELEAPQSILPDQVFETTVK,MGYP003683041151(65),1,1,2,140.59,MGYP003683041151,PXD020692,ebi.ac.uk/pride/archive/projects/PXD020692
MGYP003688635545,DAYVAATATYTK,MGYP003688635545(41),1,1,1,411.53,MGYP003688635545,PXD020692,ebi.ac.uk/pride/archive/projects/PXD020692
MGYP003689598185,TEDAFNELQLK,MGYP003689598185(97),1,1,1,142.11,MGYP003689598185,PXD020692,ebi.ac.uk/pride/archive/projects/PXD020692
MGYP003683852069,HFYELGIER,MGYP003683852069(571),1,1,1,106.32,MGYP003683852069,PXD020692,ebi.ac.uk/pride/archive/projects/PXD020692
MGYP000614370642,EDVTAFGEEGFPETIK,MGYP000614370642(261),1,1,1,76.27,MGYP000614370642,PXD020692,ebi.ac.uk/pride/archive/projects/PXD020692
MGYP000402393288,NVGPNTPLEIGR,MGYP000402393288(312),1,1,1,62.71,MGYP000402393288,PXD020692,ebi.ac.uk/pride/archive/projects/PXD020692
MGYP000452176317,DGLNNAIQSALTGAK,MGYP000452176317(382),1,1,1,75.97,MGYP000452176317,PXD020692,ebi.ac.uk/pride/archive/projects/PXD020692
MGYP003682233539,DCSANFATPDSGGK,MGYP003682233539(141),1,1,1,100.1,MGYP003682233539,PXD020692,ebi.ac.uk/pride/archive/projects/PXD020692
MGYP003683041271,ANPEFTNGIRDEK,MGYP003683041271(469),1,1,1,85.99,MGYP003683041271,PXD020692,ebi.ac.uk/pride/archive/projects/PXD020692
MGYP003685662755,QGEKPTSSLLSR,MGYP003685662755(14),1,1,1,133.47,MGYP003685662755,PXD020692,ebi.ac.uk/pride/archive/projects/PXD020692
MGYP000650097602,VIAAVGGQTFK,MGYP000650097602(345),1,1,1,52.96,MGYP000650097602,PXD020692,ebi.ac.uk/pride/archive/projects/PXD020692
MGYP003688378561,NLVAQSEGATNSISPGLK,MGYP003688378561(78),1,1,1,107.36,MGYP003688378561,PXD020692,ebi.ac.uk/pride/archive/projects/PXD020692
MGYP003683852069,VFSPPEQQFLTVDR,MGYP003683852069(542),1,1,1,106.32,MGYP003683852069,PXD020692,ebi.ac.uk/pride/archive/projects/PXD020692
MGYP003684156529,LEDDEIADVASYVLSK,MGYP003684156529(119),1,1,1,405.2,MGYP003684156529,PXD020692,ebi.ac.uk/pride/archive/projects/PXD020692
MGYP003683041151,TNNNQYLSSISGK,MGYP003683041151(201),1,1,1,140.59,MGYP003683041151,PXD020692,ebi.ac.uk/pride/archive/projects/PXD020692
MGYP000011011908,TGADANSAGSGFSSEGGGLTLSSSNTDGAK,MGYP000011011908(45),1,1,2,243.27,MGYP000011011908,PXD020692,ebi.ac.uk/pride/archive/projects/PXD020692
MGYP003682957013,LTQGAFSFLPDLTDEQISK,MGYP003682957013(3),1,1,2,313.55,MGYP003682957013,PXD020692,ebi.ac.uk/pride/archive/projects/PXD020692
MGYP003683277041,SSNNSPVNTAMSTQLGNLLK,MGYP003683277041(8),1,1,2,500.09,MGYP003683277041,PXD020692,ebi.ac.uk/pride/archive/projects/PXD020692
MGYP003684156529,SYLANFNGDESAIVYQVTNGK,MGYP003684156529(89),1,1,4,405.2,MGYP003684156529,PXD020692,ebi.ac.uk/pride/archive/projects/PXD020692
MGYP003683023143,YSIEQVGVNVNFYGGK,MGYP003683023143(390),1,1,1,116.32,MGYP003683023143,PXD020692,ebi.ac.uk/pride/archive/projects/PXD020692
MGYP003684644841,AVFLDLEPTVIDEVR,MGYP003684644841(30),1,1,2,142.37,MGYP003684644841,PXD020692,ebi.ac.uk/pride/archive/projects/PXD020692
MGYP003683041141,DTDVLALFR,MGYP003683041141(37),1,1,1,266.84,MGYP003683041141,PXD020692,ebi.ac.uk/pride/archive/projects/PXD020692
MGYP003684634369,YEVLLPAQVPGSVAI,MGYP003684634369(835),1,1,1,90.49,MGYP003684634369,PXD020692,ebi.ac.uk/pride/archive/projects/PXD020692
MGYP003684634369,MALVQVDGER,MGYP003684634369(813),1,1,1,90.49,MGYP003684634369,PXD020692,ebi.ac.uk/pride/archive/projects/PXD020692
MGYP001135356623,YTIHSYVVNK,MGYP001135356623(123),1,1,1,308.65,MGYP001135356623,PXD020692,ebi.ac.uk/pride/archive/projects/PXD020692
MGYP003683852069,APSTFFEILR,MGYP003683852069(614),1,1,1,106.32,MGYP003683852069,PXD020692,ebi.ac.uk/pride/archive/projects/PXD020692
MGYP003683104667,SPTGEIIFGGETMR,MGYP003683104667(332),1,1,1,134.28,MGYP003683104667,PXD020692,ebi.ac.uk/pride/archive/projects/PXD020692
MGYP000452176317,VNAVYSGNYDDTR,MGYP000452176317(59),1,1,1,75.97,MGYP000452176317,PXD020692,ebi.ac.uk/pride/archive/projects/PXD020692
MGYP002633741861,VNSMGGVSVGGK,MGYP002633741861(61),1,1,1,109.13,MGYP002633741861,PXD020692,ebi.ac.uk/pride/archive/projects/PXD020692
MGYP003692201691,VPTVNVSVVDLTVR,MGYP003692201691(94),1,1,1,113.53,MGYP003692201691,PXD020692,ebi.ac.uk/pride/archive/projects/PXD020692
MGYP003683041141,DYINEGPK,MGYP003683041141(439),1,1,1,266.84,MGYP003683041141,PXD020692,ebi.ac.uk/pride/archive/projects/PXD020692
MGYP003682233539,MADGGDLSSTGCGSPK,MGYP003682233539(236),1,1,1,100.1,MGYP003682233539,PXD020692,ebi.ac.uk/pride/archive/projects/PXD020692
MGYP003690692635,MTAESAQADAAEAR,MGYP003690692635(1),1,1,1,806.26,MGYP003690692635,PXD020692,ebi.ac.uk/pride/archive/projects/PXD020692
MGYP003683104695,YPIYLGGNR,MGYP003683104695(179),1,1,1,103.24,MGYP003683104695,PXD020692,ebi.ac.uk/pride/archive/projects/PXD020692
MGYP003686643673,IPGDVQPDTSAFAK,MGYP003686643673(68),1,1,1,217.07,MGYP003686643673,PXD020692,ebi.ac.uk/pride/archive/projects/PXD020692
MGYP003688881227,VTVSEPFEIDTQIGK,MGYP003688881227(39),1,1,1,144.19,MGYP003688881227,PXD020692,ebi.ac.uk/pride/archive/projects/PXD020692
MGYP003684337941,MTPISVTFNNPSCQVGVPEPNVGR,MGYP003684337941(102),1,1,1,64.13,MGYP003684337941,PXD020692,ebi.ac.uk/pride/archive/projects/PXD020692
MGYP003684149143,QQNWPDVITTLR,MGYP003684149143(8),1,1,1,136.54,MGYP003684149143,PXD020692,ebi.ac.uk/pride/archive/projects/PXD020692
MGYP000402393288,GLNNLWNNGGVLYAAPIR,MGYP000402393288(324),1,1,1,62.71,MGYP000402393288,PXD020692,ebi.ac.uk/pride/archive/projects/PXD020692
MGYP003683065005,DDENVNSQAFMR,MGYP003683065005(202),1,1,1,244.2,MGYP003683065005,PXD020692,ebi.ac.uk/pride/archive/projects/PXD020692
MGYP003683104667,GIDRDTEPVLSMRPLD,MGYP003683104667(446),1,1,1,134.28,MGYP003683104667,PXD020692,ebi.ac.uk/pride/archive/projects/PXD020692
MGYP003684961031,SADIEAVVVSVTDLAK,MGYP003684961031(202),1,1,1,97.47,MGYP003684961031,PXD020692,ebi.ac.uk/pride/archive/projects/PXD020692
MGYP003683104721,DYEPTNNYNNVLDR,MGYP003683104721(416),1,1,1,89.63,MGYP003683104721,PXD020692,ebi.ac.uk/pride/archive/projects/PXD020692
MGYP000271241979,QNFSPIGTGPFK,MGYP000271241979(192),1,1,1,134.51,MGYP000271241979,PXD020692,ebi.ac.uk/pride/archive/projects/PXD020692
MGYP003687059807,IGMDVAASEFLTEDK,MGYP003687059807(89),1,1,1,80.3,MGYP003687059807,PXD020692,ebi.ac.uk/pride/archive/projects/PXD020692
MGYP003688635545,FDLEDYAGTYR,MGYP003688635545(6),1,1,1,411.53,MGYP003688635545,PXD020692,ebi.ac.uk/pride/archive/projects/PXD020692
MGYP003683104721,ELMAQLYPSFSK,MGYP003683104721(248),1,1,1,89.63,MGYP003683104721,PXD020692,ebi.ac.uk/pride/archive/projects/PXD020692
MGYP003683852069,IAYAMQEPSK,MGYP003683852069(556),1,1,1,106.32,MGYP003683852069,PXD020692,ebi.ac.uk/pride/archive/projects/PXD020692
MGYP003683104667,DTEPVLSMRPLD,MGYP003683104667(450),1,1,1,134.28,MGYP003683104667,PXD020692,ebi.ac.uk/pride/archive/projects/PXD020692
MGYP003684440507,TALEALTPAQASQLFGIFGTNADNTVR,MGYP003684440507(884),1,1,1,25.2,MGYP003684440507,PXD020692,ebi.ac.uk/pride/archive/projects/PXD020692
MGYP003688378561,DGIDYAATTVQLPGGER,MGYP003688378561(53),1,1,1,107.36,MGYP003688378561,PXD020692,ebi.ac.uk/pride/archive/projects/PXD020692
MGYP003685662755,LSTAELAGR,MGYP003685662755(49),1,1,1,133.47,MGYP003685662755,PXD020692,ebi.ac.uk/pride/archive/projects/PXD020692
MGYP003683065005,GGLDFTKDDENVNSQAFMR,MGYP003683065005(195),1,1,1,244.2,MGYP003683065005,PXD020692,ebi.ac.uk/pride/archive/projects/PXD020692
MGYP000614370642,TGTPEYVR,MGYP000614370642(196),1,1,1,76.27,MGYP000614370642,PXD020692,ebi.ac.uk/pride/archive/projects/PXD020692
MGYP003682957013,NLVYTIESYAVTSKPEGERY,MGYP003682957013(120),1,1,2,313.55,MGYP003682957013,PXD020692,ebi.ac.uk/pride/archive/projects/PXD020692
MGYP003684126075,KVDLGDEDNK,MGYP003684126075(76),1,1,1,176.37,MGYP003684126075,PXD020692,ebi.ac.uk/pride/archive/projects/PXD020692
MGYP001601802432,LLGVEGSQGEELGMSK,MGYP001601802432(274),1,1,1,198.39,MGYP001601802432,PXD020692,ebi.ac.uk/pride/archive/projects/PXD020692
MGYP003683022933,DALETNGMNSVDK,MGYP003683022933(59),1,1,1,225.94,MGYP003683022933,PXD020692,ebi.ac.uk/pride/archive/projects/PXD020692
MGYP003691814379,YFAVSDQVEREEQEQAAAGK,MGYP003691814379(121),1,1,1,89.79,MGYP003691814379,PXD020692,ebi.ac.uk/pride/archive/projects/PXD020692
MGYP000476118211,AALESVTSNVTSTLK,MGYP000476118211(23),1,1,1,256.54,MGYP000476118211,PXD020692,ebi.ac.uk/pride/archive/projects/PXD020692
MGYP003683090781,ACAVAFVNNTASQK,MGYP003683090781(136),1,1,1,308.65,MGYP003683090781,PXD020692,ebi.ac.uk/pride/archive/projects/PXD020692
MGYP003685823347,IDEETFAQYR,MGYP003685823347(58),1,1,1,211.27,MGYP003685823347,PXD020692,ebi.ac.uk/pride/archive/projects/PXD020692
MGYP003691836455,NQVAMNPTNTVFDAK,MGYP003691836455(57),1,1,1,80.52,MGYP003691836455,PXD020692,ebi.ac.uk/pride/archive/projects/PXD020692
MGYP003684126075,VDLGDEDNK,MGYP003684126075(77),1,1,1,176.37,MGYP003684126075,PXD020692,ebi.ac.uk/pride/archive/projects/PXD020692
MGYP003684435719,LAQQVAQEQIIYVIEAR,MGYP003684435719(31),1,1,3,121.93,MGYP003684435719,PXD020692,ebi.ac.uk/pride/archive/projects/PXD020692
MGYP003683104695,DYSEMVFPILSPDPSK,MGYP003683104695(155),1,1,1,103.24,MGYP003683104695,PXD020692,ebi.ac.uk/pride/archive/projects/PXD020692
MGYP003686643673,SEEDALAYQNK,MGYP003686643673(86),1,1,1,217.07,MGYP003686643673,PXD020692,ebi.ac.uk/pride/archive/projects/PXD020692
MGYP003683104707,TPLANFIQWK,MGYP003683104707(685),1,1,1,166.19,MGYP003683104707,PXD020692,ebi.ac.uk/pride/archive/projects/PXD020692
MGYP000011011908,IGYGTQTK,MGYP000011011908(373),1,1,1,243.27,MGYP000011011908,PXD020692,ebi.ac.uk/pride/archive/projects/PXD020692
MGYP003683852069,AYGVLTILAR,MGYP003683852069(532),1,1,1,106.32,MGYP003683852069,PXD020692,ebi.ac.uk/pride/archive/projects/PXD020692
MGYP003684149143,TGFSDATDYIEMNDK,MGYP003684149143(61),1,1,1,136.54,MGYP003684149143,PXD020692,ebi.ac.uk/pride/archive/projects/PXD020692
MGYP003683041141,VAMESVLLAK,MGYP003683041141(425),1,1,1,266.84,MGYP003683041141,PXD020692,ebi.ac.uk/pride/archive/projects/PXD020692
MGYP003682957017,FLYSMEGVNNAAATTGEVK,MGYP003682957017(222),1,1,1,74.99,MGYP003682957017,PXD020692,ebi.ac.uk/pride/archive/projects/PXD020692
MGYP003683637823,DAFGVLQMFWCGR,MGYP003683637823(235),1,1,1,275.75,MGYP003683637823,PXD020692,ebi.ac.uk/pride/archive/projects/PXD020692
MGYP003683065005,FLFVSEAIYK,MGYP003683065005(218),1,1,1,244.2,MGYP003683065005,PXD020692,ebi.ac.uk/pride/archive/projects/PXD020692
MGYP003683065005,LTYYTPDYQVK,MGYP003683065005(22),1,1,1,244.2,MGYP003683065005,PXD020692,ebi.ac.uk/pride/archive/projects/PXD020692
MGYP003682453967,TSDGPMDGAVDAEAR,MGYP003682453967(107),1,1,1,86.13,MGYP003682453967,PXD020692,ebi.ac.uk/pride/archive/projects/PXD020692
MGYP003690692635,SIATQAQNTANQAQR,MGYP003690692635(15),1,1,2,806.26,MGYP003690692635,PXD020692,ebi.ac.uk/pride/archive/projects/PXD020692
MGYP003683104721,IVVDQNPTQTSFEK,MGYP003683104721(15),1,1,1,89.63,MGYP003683104721,PXD020692,ebi.ac.uk/pride/archive/projects/PXD020692
MGYP000452175535,FDVTAAAPVAVAAAPAGGDGGSEEAK,MGYP000452175535(32),1,1,1,174.81,MGYP000452175535,PXD020692,ebi.ac.uk/pride/archive/projects/PXD020692
MGYP000011011908,SGMELGYHTSVGPASLK,MGYP000011011908(356),1,1,2,243.27,MGYP000011011908,PXD020692,ebi.ac.uk/pride/archive/projects/PXD020692
MGYP000271241979,TPNVSEANR,MGYP000271241979(369),1,1,1,134.51,MGYP000271241979,PXD020692,ebi.ac.uk/pride/archive/projects/PXD020692
MGYP000271241979,DANKPAFSK,MGYP000271241979(223),1,1,1,134.51,MGYP000271241979,PXD020692,ebi.ac.uk/pride/archive/projects/PXD020692
MGYP003687059807,VNQIGSITESIEAVR,MGYP003687059807(193),1,1,1,80.3,MGYP003687059807,PXD020692,ebi.ac.uk/pride/archive/projects/PXD020692
